22231966,0x130,5,C541FFFFFF
22334966,0x130,5,C541FFFFFF
22427966,0x130,5,C541FFFFFF
22530966,0x130,5,C541FFFFFF
22633966,0x130,5,C541FFFFFF
22686923,0x7E0,8,0207000000000000
22730966,0x130,5,C541FFFFFF
22832966,0x130,5,C541FFFFFF
22935966,0x130,5,C541FFFFFF
23028966,0x130,5,C541FFFFFF
23131966,0x130,5,C541FFFFFF
23234966,0x130,5,C541FFFFFF
23327966,0x130,5,C541FFFFFF
23430966,0x130,5,C541FFFFFF
23533966,0x130,5,C541FFFFFF
23626982,0x130,5,C541FFFFFF
23729966,0x130,5,C541FFFFFF
23832966,0x130,5,C541FFFFFF
23935966,0x130,5,C541FFFFFF
24028966,0x130,5,C541FFFFFF
24131966,0x130,5,C541FFFFFF
24195931,0x7E0,8,020A000000000000
24228966,0x130,5,C541FFFFFF
24330966,0x130,5,C541FFFFFF
24433966,0x130,5,C541FFFFFF
24526966,0x130,5,C541FFFFFF
24629966,0x130,5,C541FFFFFF
24732966,0x130,5,C541FFFFFF
24835966,0x130,5,C541FFFFFF
24928966,0x130,5,C541FFFFFF
25031966,0x130,5,C541FFFFFF
25134966,0x130,5,C541FFFFFF
25227966,0x130,5,C541FFFFFF
25330966,0x130,5,C541FFFFFF
25433966,0x130,5,C541FFFFFF
25526967,0x130,5,C541FFFFFF
25628966,0x130,5,C541FFFFFF
25701923,0x7DF,8,02010F0000000000
25714974,0x7E8,8,03410F63AAAAAAAA
25727022,0x130,5,C541FFFFFF
25768923,0x7DF,8,0201060000000000
25780974,0x7E8,8,03410680AAAAAAAA
25832928,0x7DF,8,0201070000000000
25835299,0x130,5,C541FFFFFF
25847006,0x7E8,8,0341077FAAAAAAAA
25898923,0x7DF,8,0201330000000000
25911974,0x7E8,8,03413364AAAAAAAA
25932966,0x130,5,C541FFFFFF
25963923,0x7DF,8,02011F0000000000
25978785,0x7E8,8,04411F09FCAAAAAA
26030923,0x7DF,8,02010C0000000000
26032388,0x130,5,C541FFFFFF
26033244,0x7E8,8,04410C0D56AAAAAA
26044071,0x7EC,8,04410C0D4CAAAAAA
26097923,0x7DF,8,02010D0000000000
26109974,0x7E8,8,03410D00AAAAAAAA
26111828,0x7EC,8,03410D00AAAAAAAA
26133966,0x130,5,C541FFFFFF
26165923,0x7DF,8,0201050000000000
26177974,0x7E8,8,0341058DAAAAAAAA
26229923,0x7DF,8,02012F0000000000
26231356,0x130,5,C541FFFFFF
26242006,0x7E8,8,03412F0CAAAAAAAA
26293923,0x7DF,8,0201420000000000
26305974,0x7EC,8,04414234C3AAAAAA
26306909,0x7E8,8,044142367BAAAAAA
26327966,0x130,5,C541FFFFFF
26358923,0x7DF,8,0201010000000000
26370974,0x7E8,8,0641018307E100AA
26372349,0x7EC,8,06410100040000AA
26422923,0x7DF,8,0201040000000000
26434974,0x130,5,C541FFFFFF
26435863,0x7E8,8,0341044EAAAAAAAA
26486923,0x7DF,8,0201110000000000
26498974,0x7E8,8,03411120AAAAAAAA
26530966,0x130,5,C541FFFFFF
26561923,0x7DF,8,02010C0000000000
26573975,0x7EC,8,04410C0D50AAAAAA
26575357,0x7E8,8,04410C0D46AAAAAA
26626923,0x7DF,8,02010D0000000000
26628390,0x130,5,C541FFFFFF
26640010,0x7EC,8,03410D00AAAAAAAA
26641280,0x7E8,8,03410D00AAAAAAAA
26692923,0x7DF,8,0201050000000000
26704974,0x7E8,8,0341058DAAAAAAAA
26726966,0x130,5,C541FFFFFF
26767923,0x7DF,8,02010F0000000000
26779974,0x7E8,8,03410F63AAAAAAAA
26831923,0x7DF,8,0201060000000000
26833358,0x130,5,C541FFFFFF
26844044,0x7E8,8,03410680AAAAAAAA
26894923,0x7DF,8,02010C0000000000
26906974,0x7EC,8,04410C0D2EAAAAAA
26907906,0x7E8,8,04410C0D40AAAAAA
26928967,0x130,5,C541FFFFFF
26960923,0x7DF,8,02010D0000000000
26972985,0x7E8,8,03410D00AAAAAAAA
26975215,0x7EC,8,03410D00AAAAAAAA
27026923,0x7DF,8,0201050000000000
27029160,0x130,5,C541FFFFFF
27040010,0x7E8,8,0341058DAAAAAAAA
27091923,0x7DF,8,0201040000000000
27103974,0x7E8,8,0341044EAAAAAAAA
27135966,0x130,5,C541FFFFFF
27156923,0x7DF,8,0201110000000000
27168974,0x7E8,8,03411120AAAAAAAA
27231923,0x7DF,8,02010C0000000000
27235105,0x130,5,C541FFFFFF
27236190,0x7EC,8,04410C0D32AAAAAA
27247022,0x7E8,8,04410C0D2AAAAAAA
27298927,0x7DF,8,02010D0000000000
27311974,0x7E8,8,03410D00AAAAAAAA
27313067,0x7EC,8,03410D00AAAAAAAA
27333966,0x130,5,C541FFFFFF
27364923,0x7DF,8,0201050000000000
27376974,0x7E8,8,0341058DAAAAAAAA
27428923,0x7DF,8,02012F0000000000
27431488,0x130,5,C541FFFFFF
27443006,0x7E8,8,03412F0CAAAAAAAA
27494926,0x7DF,8,0201420000000000
27507974,0x7EC,8,044142348DAAAAAA
27509398,0x7E8,8,0441423692AAAAAA
27530966,0x130,5,C541FFFFFF
27561923,0x7DF,8,0201010000000000
27573985,0x7EC,8,06410100040000AA
27575582,0x7E8,8,0641018307E100AA
27626923,0x7DF,8,0201040000000000
27629004,0x130,5,C541FFFFFF
27641014,0x7E8,8,0341044EAAAAAAAA
27692923,0x7DF,8,0201110000000000
27704974,0x7E8,8,03411120AAAAAAAA
27726966,0x130,5,C541FFFFFF
27757923,0x7DF,8,0201060000000000
27769974,0x7E8,8,03410680AAAAAAAA
27821929,0x7DF,8,0201070000000000
27834974,0x130,5,C541FFFFFF
27836348,0x7E8,8,0341077FAAAAAAAA
27886926,0x7DF,8,0201330000000000
27900974,0x7E8,8,03413364AAAAAAAA
27932966,0x130,5,C541FFFFFF
27954923,0x7DF,8,02010C0000000000
27966974,0x7EC,8,04410C0D0CAAAAAA
27968245,0x7E8,8,04410C0D0CAAAAAA
28018923,0x7DF,8,02010D0000000000
28030974,0x7E8,8,03410D00AAAAAAAA
28032357,0x7EC,8,03410D00AAAAAAAA
28033156,0x130,5,C541FFFFFF
28083923,0x7DF,8,0201050000000000
28095974,0x7E8,8,0341058DAAAAAAAA
28127966,0x130,5,C541FFFFFF
28149923,0x7DF,8,0201040000000000
28161974,0x7E8,8,0341044FAAAAAAAA
28213928,0x7DF,8,0201110000000000
28226974,0x7E8,8,03411120AAAAAAAA
28228396,0x130,5,C541FFFFFF
28279923,0x7DF,8,02010F0000000000
28291974,0x7E8,8,03410F63AAAAAAAA
28333966,0x130,5,C541FFFFFF
28345927,0x7DF,8,02011F0000000000
28357970,0x7E8,8,04411F09FEAAAAAA
28408923,0x7DF,8,02010C0000000000
28422974,0x7E8,8,04410C0D66AAAAAA
28424415,0x7EC,8,04410C0D90AAAAAA
28436022,0x130,5,C541FFFFFF
28477923,0x7DF,8,02010D0000000000
28489974,0x7E8,8,03410D00AAAAAAAA
28491282,0x7EC,8,03410D00AAAAAAAA
28531966,0x130,5,C541FFFFFF
28543927,0x7DF,8,0201050000000000
28554971,0x7E8,8,0341058DAAAAAAAA
28605923,0x7DF,8,02012F0000000000
28617974,0x7E8,8,03412F0CAAAAAAAA
28630018,0x130,5,C541FFFFFF
28671923,0x7DF,8,0201420000000000
28683974,0x7EC,8,044142348DAAAAAA
28685244,0x7E8,8,04414236D9AAAAAA
28726966,0x130,5,C541FFFFFF
28738927,0x7DF,8,0201010000000000
28749971,0x7EC,8,06410100040000AA
28750779,0x7E8,8,0641018307E100AA
28801923,0x7DF,8,0201040000000000
28814974,0x7E8,8,0341044EAAAAAAAA
28827022,0x130,5,C541FFFFFF
28868923,0x7DF,8,0201110000000000
28880974,0x7E8,8,03411120AAAAAAAA
28932923,0x7DF,8,0201060000000000
28934932,0x130,5,C541FFFFFF
28946006,0x7E8,8,03410680AAAAAAAA
28996923,0x7DF,8,02010C0000000000
29008974,0x7E8,8,04410C0D40AAAAAA
29009977,0x7EC,8,04410C0D46AAAAAA
29030966,0x130,5,C541FFFFFF
29062923,0x7DF,8,02010D0000000000
29074974,0x7EC,8,03410D00AAAAAAAA
29076234,0x7E8,8,03410D00AAAAAAAA
29126923,0x7DF,8,0201050000000000
29128932,0x130,5,C541FFFFFF
29140010,0x7E8,8,0341058DAAAAAAAA
29231966,0x130,5,C541FFFFFF
29254923,0x7DF,8,02010C0000000000
29266974,0x7EC,8,04410C0D2AAAAAAA
29268247,0x7E8,8,04410C0D3EAAAAAA
29318923,0x7DF,8,02010D0000000000
29330974,0x7E8,8,03410D00AAAAAAAA
29332797,0x7EC,8,03410D00AAAAAAAA
29333634,0x130,5,C541FFFFFF
29384923,0x7DF,8,0201050000000000
29396974,0x7E8,8,0341058DAAAAAAAA
29428966,0x130,5,C541FFFFFF
29450923,0x7DF,8,0201040000000000
29462974,0x7E8,8,0341044FAAAAAAAA
29514926,0x7DF,8,0201110000000000
29526982,0x7E8,8,03411120AAAAAAAA
29528799,0x130,5,C541FFFFFF
29580923,0x7DF,8,02010F0000000000
29592974,0x7E8,8,03410F63AAAAAAAA
29633966,0x130,5,C541FFFFFF
29645927,0x7DF,8,0201070000000000
29657970,0x7E8,8,0341077FAAAAAAAA
29709926,0x7DF,8,0201330000000000
29721974,0x7E8,8,03413364AAAAAAAA
29734018,0x130,5,C541FFFFFF
29775923,0x7DF,8,02010C0000000000
29787974,0x7EC,8,04410C0DA4AAAAAA
29789286,0x7E8,8,04410C0DA4AAAAAA
29830966,0x130,5,C541FFFFFF
29842927,0x7DF,8,02010D0000000000
29854971,0x7EC,8,03410D00AAAAAAAA
29856294,0x7E8,8,03410D00AAAAAAAA
29906923,0x7DF,8,0201050000000000
29918974,0x7E8,8,0341058DAAAAAAAA
29931022,0x130,5,C541FFFFFF
29972923,0x7DF,8,02012F0000000000
29984974,0x7E8,8,03412F0CAAAAAAAA
30025966,0x130,5,C541FFFFFF
30036927,0x7DF,8,0201420000000000
30051970,0x7EC,8,044142348DAAAAAA
30053574,0x7E8,8,04414236D9AAAAAA
30104923,0x7DF,8,0201010000000000
30116974,0x7EC,8,06410100040000AA
30118222,0x7E8,8,0641018307E100AA
30129022,0x130,5,C541FFFFFF
30169923,0x7DF,8,0201040000000000
30181974,0x7E8,8,03410459AAAAAAAA
30232923,0x7DF,8,0201110000000000
30234372,0x130,5,C541FFFFFF
30245006,0x7E8,8,03411128AAAAAAAA
30296923,0x7DF,8,0201060000000000
30308974,0x7E8,8,03410680AAAAAAAA
30330966,0x130,5,C541FFFFFF
30362923,0x7DF,8,02010C0000000000
30374974,0x7EC,8,04410C0E9CAAAAAA
30376307,0x7E8,8,04410C0F02AAAAAA
30426923,0x7DF,8,02010D0000000000
30428304,0x130,5,C541FFFFFF
30439051,0x7E8,8,03410D00AAAAAAAA
30440301,0x7EC,8,03410D00AAAAAAAA
30491923,0x7DF,8,0201050000000000
30503974,0x7E8,8,0341058DAAAAAAAA
30525966,0x130,5,C541FFFFFF
30606923,0x7DF,8,02011F0000000000
30618974,0x7E8,8,04411F0A00AAAAAA
30631018,0x130,5,C541FFFFFF
30672923,0x7DF,8,02010C0000000000
30684974,0x7EC,8,04410C0D8AAAAAAA
30686335,0x7E8,8,04410C0E02AAAAAA
30727966,0x130,5,C541FFFFFF
30739931,0x7DF,8,0201010000000000
30751971,0x7E8,8,0641018307E100AA
30752895,0x7EC,8,06410100040000AA
30803923,0x7DF,8,02010D0000000000
30815974,0x7EC,8,03410D00AAAAAAAA
30817236,0x7E8,8,03410D00AAAAAAAA
30829022,0x130,5,C541FFFFFF
30870923,0x7DF,8,0201050000000000
30873062,0x7E8,8,0341058DAAAAAAAA
30933923,0x7DF,8,0201040000000000
30936857,0x130,5,C541FFFFFF
30949006,0x7E8,8,03410453AAAAAAAA
31001923,0x7DF,8,0201110000000000
31013982,0x7E8,8,03411120AAAAAAAA
31026026,0x130,5,C541FFFFFF
31067923,0x7DF,8,02010F0000000000
31079974,0x7E8,8,03410F63AAAAAAAA
31131926,0x7DF,8,02010C0000000000
31134014,0x130,5,C541FFFFFF
31145998,0x7EC,8,04410C0D0AAAAAAA
31147298,0x7E8,8,04410C0D3AAAAAAA
31198923,0x7DF,8,02010D0000000000
31211974,0x7E8,8,03410D00AAAAAAAA
31213593,0x7EC,8,03410D00AAAAAAAA
31234966,0x130,5,C541FFFFFF
31265923,0x7DF,8,0201050000000000
31279974,0x7E8,8,0341058DAAAAAAAA
31331926,0x7DF,8,02012F0000000000
31334006,0x130,5,C541FFFFFF
31344998,0x7E8,8,03412F0CAAAAAAAA
31396927,0x7DF,8,0201420000000000
31409974,0x7E8,8,0441423634AAAAAA
31411346,0x7EC,8,044142343BAAAAAA
31432966,0x130,5,C541FFFFFF
31463923,0x7DF,8,0201010000000000
31475974,0x7EC,8,06410100040000AA
31477912,0x7E8,8,0641018307E100AA
31529923,0x7DF,8,0201040000000000
31532364,0x130,5,C541FFFFFF
31533873,0x7E8,8,03410451AAAAAAAA
31595923,0x7DF,8,0201110000000000
31608974,0x7E8,8,03411121AAAAAAAA
31630966,0x130,5,C541FFFFFF
31662923,0x7DF,8,0201060000000000
31674974,0x7E8,8,03410680AAAAAAAA
31728926,0x7DF,8,0201070000000000
31731639,0x130,5,C541FFFFFF
31733113,0x7E8,8,0341077FAAAAAAAA
31794923,0x7DF,8,0201330000000000
31807974,0x7E8,8,03413364AAAAAAAA
31829966,0x130,5,C541FFFFFF
31860923,0x7DF,8,02010C0000000000
31872974,0x7EC,8,04410C0DC2AAAAAA
31873868,0x7E8,8,04410C0D54AAAAAA
31924923,0x7DF,8,02010D0000000000
31926772,0x130,5,C541FFFFFF
31939018,0x7EC,8,03410D00AAAAAAAA
31940251,0x7E8,8,03410D00AAAAAAAA
31990923,0x7DF,8,0201050000000000
32002976,0x7E8,8,0341058DAAAAAAAA
32034966,0x130,5,C541FFFFFF
32055923,0x7DF,8,0201040000000000
32067974,0x7E8,8,03410451AAAAAAAA
32119926,0x7DF,8,0201110000000000
32132974,0x7E8,8,03411122AAAAAAAA
32134382,0x130,5,C541FFFFFF
32185923,0x7DF,8,02010F0000000000
32199974,0x7E8,8,03410F63AAAAAAAA
32231966,0x130,5,C541FFFFFF
32253923,0x7DF,8,02010C0000000000
32265974,0x7EC,8,04410C0EF0AAAAAA
32267204,0x7E8,8,04410C0E8EAAAAAA
32318923,0x7DF,8,02010D0000000000
32331974,0x7E8,8,03410D00AAAAAAAA
32333367,0x7EC,8,03410D00AAAAAAAA
32334958,0x130,5,C541FFFFFF
32386926,0x7DF,8,0201050000000000
32398974,0x7E8,8,0341058DAAAAAAAA
32430966,0x130,5,C541FFFFFF
32452923,0x7DF,8,02012F0000000000
32463974,0x7E8,8,03412F0CAAAAAAAA
32515926,0x7DF,8,0201420000000000
32528974,0x7E8,8,0441423692AAAAAA
32530517,0x7EC,8,044142341FAAAAAA
32531373,0x130,5,C541FFFFFF
32581923,0x7DF,8,0201010000000000
32593974,0x7EC,8,06410100040000AA
32594861,0x7E8,8,0641018307E100AA
32625966,0x130,5,C541FFFFFF
32647923,0x7DF,8,0201040000000000
32659974,0x7E8,8,03410452AAAAAAAA
32710923,0x7DF,8,0201110000000000
32724974,0x7E8,8,0341111FAAAAAAAA
32726410,0x130,5,C541FFFFFF
32777923,0x7DF,8,0201060000000000
32789974,0x7E8,8,03410680AAAAAAAA
32830966,0x130,5,C541FFFFFF
32842927,0x7DF,8,02011F0000000000
32854971,0x7E8,8,04411F0A03AAAAAA
32906923,0x7DF,8,02010C0000000000
32918974,0x7EC,8,04410C0D2AAAAAAA
32920329,0x7E8,8,04410C0D7AAAAAAA
32932022,0x130,5,C541FFFFFF
32973923,0x7DF,8,02010D0000000000
32985974,0x7EC,8,03410D00AAAAAAAA
32987272,0x7E8,8,03410D00AAAAAAAA
33028966,0x130,5,C541FFFFFF
33040927,0x7DF,8,0201050000000000
33062967,0x7E8,8,0341058DAAAAAAAA
33104923,0x7DF,8,0201040000000000
33116974,0x7E8,8,03410451AAAAAAAA
33129010,0x130,5,C541FFFFFF
33170923,0x7DF,8,0201110000000000
33192967,0x7E8,8,03411120AAAAAAAA
33233923,0x7DF,8,02010F0000000000
33235937,0x130,5,C541FFFFFF
33248010,0x7E8,8,03410F63AAAAAAAA
33299923,0x7DF,8,0201070000000000
33312974,0x7E8,8,0341077FAAAAAAAA
33327010,0x130,5,C541FFFFFF
33368923,0x7DF,8,0201330000000000
33380974,0x7E8,8,03413364AAAAAAAA
33432923,0x7DF,8,02010C0000000000
33434931,0x130,5,C541FFFFFF
33436704,0x7EC,8,04410C0D0EAAAAAA
33448022,0x7E8,8,04410C0D00AAAAAA
33499923,0x7DF,8,02010D0000000000
33511974,0x7E8,8,03410D00AAAAAAAA
33514147,0x7EC,8,03410D00AAAAAAAA
33526022,0x130,5,C541FFFFFF
33567923,0x7DF,8,0201050000000000
33579974,0x7E8,8,0341058DAAAAAAAA
33631926,0x7DF,8,02012F0000000000
33634775,0x130,5,C541FFFFFF
33646998,0x7E8,8,03412F0CAAAAAAAA
33698926,0x7DF,8,0201420000000000
33710974,0x7E8,8,044142364CAAAAAA
33712328,0x7EC,8,044142348DAAAAAA
33733966,0x130,5,C541FFFFFF
33765923,0x7DF,8,0201010000000000
33777974,0x7E8,8,0641018307E100AA
33779244,0x7EC,8,06410100040000AA
33830923,0x7DF,8,0201040000000000
33834027,0x130,5,C541FFFFFF
33846010,0x7E8,8,03410450AAAAAAAA
33897923,0x7DF,8,0201110000000000
33909974,0x7E8,8,03411120AAAAAAAA
33930966,0x130,5,C541FFFFFF
33962923,0x7DF,8,0201060000000000
33974974,0x7E8,8,03410680AAAAAAAA
34026926,0x7DF,8,02010C0000000000
34028969,0x130,5,C541FFFFFF
34040010,0x7EC,8,04410C0D5AAAAAAA
34041877,0x7E8,8,04410C0D4EAAAAAA
34093923,0x7DF,8,02010D0000000000
34105974,0x7EC,8,03410D00AAAAAAAA
34107273,0x7E8,8,03410D00AAAAAAAA
34127966,0x130,5,C541FFFFFF
34159923,0x7DF,8,0201050000000000
34171974,0x7E8,8,0341058DAAAAAAAA
34233923,0x7DF,8,02010F0000000000
34236822,0x130,5,C541FFFFFF
34248998,0x7E8,8,03410F63AAAAAAAA
34300926,0x7DF,8,02010C0000000000
34312974,0x7EC,8,04410C0D4AAAAAAA
34314358,0x7E8,8,04410C0D42AAAAAA
34326022,0x130,5,C541FFFFFF
34367923,0x7DF,8,02010D0000000000
34379974,0x7E8,8,03410D00AAAAAAAA
34381349,0x7EC,8,03410D00AAAAAAAA
34432923,0x7DF,8,0201050000000000
34435441,0x130,5,C541FFFFFF
34447010,0x7E8,8,0341058DAAAAAAAA
34498923,0x7DF,8,0201040000000000
34511974,0x7E8,8,0341044FAAAAAAAA
34533966,0x130,5,C541FFFFFF
34564923,0x7DF,8,0201110000000000
34576974,0x7E8,8,03411120AAAAAAAA
34628973,0x130,5,C541FFFFFF
34640927,0x7DF,8,02010C0000000000
34651971,0x7EC,8,04410C0D40AAAAAA
34653677,0x7E8,8,04410C0D30AAAAAA
34704923,0x7DF,8,02010D0000000000
34717974,0x7EC,8,03410D00AAAAAAAA
34719317,0x7E8,8,03410D00AAAAAAAA
34731022,0x130,5,C541FFFFFF
34772923,0x7DF,8,0201050000000000
34784974,0x7E8,8,0341058DAAAAAAAA
34826966,0x130,5,C541FFFFFF
34837927,0x7DF,8,02012F0000000000
34849971,0x7E8,8,03412F0CAAAAAAAA
34903923,0x7DF,8,0201420000000000
34915974,0x7EC,8,0441423471AAAAAA
34917280,0x7E8,8,044142364CAAAAAA
34928022,0x130,5,C541FFFFFF
34969923,0x7DF,8,0201010000000000
34981974,0x7E8,8,0641018307E100AA
34983329,0x7EC,8,06410100040000AA
35024966,0x130,5,C541FFFFFF
35035927,0x7DF,8,0201040000000000
35047970,0x7E8,8,0341044FAAAAAAAA
35098923,0x7DF,8,0201110000000000
35110974,0x7E8,8,03411120AAAAAAAA
35131966,0x130,5,C541FFFFFF
35162923,0x7DF,8,0201060000000000
35174974,0x7E8,8,03410680AAAAAAAA
35226923,0x7DF,8,0201070000000000
35228314,0x130,5,C541FFFFFF
35239010,0x7E8,8,0341077FAAAAAAAA
35289923,0x7DF,8,0201330000000000
35311967,0x7E8,8,03413364AAAAAAAA
35333966,0x130,5,C541FFFFFF
35354923,0x7DF,8,02011F0000000000
35366974,0x7E8,8,04411F0A05AAAAAA
35418923,0x7DF,8,02010C0000000000
35430974,0x7E8,8,04410C0D6EAAAAAA
35432273,0x7EC,8,04410C0D72AAAAAA
35433059,0x130,5,C541FFFFFF
35483923,0x7DF,8,02010D0000000000
35495982,0x7EC,8,03410D00AAAAAAAA
35497370,0x7E8,8,03410D00AAAAAAAA
35528966,0x130,5,C541FFFFFF
35549923,0x7DF,8,0201050000000000
35571967,0x7E8,8,0341058DAAAAAAAA
35613923,0x7DF,8,0201040000000000
35625974,0x7E8,8,0341044FAAAAAAAA
35627240,0x130,5,C541FFFFFF
35678930,0x7DF,8,0201110000000000
35691974,0x7E8,8,03411120AAAAAAAA
35733966,0x130,5,C541FFFFFF
35744927,0x7DF,8,02010F0000000000
35756970,0x7E8,8,03410F63AAAAAAAA
35807927,0x7DF,8,0201010000000000
35819974,0x7E8,8,0641018307E100AA
35821257,0x7EC,8,06410100040000AA
35833026,0x130,5,C541FFFFFF
35874926,0x7DF,8,02010C0000000000
35887975,0x7EC,8,04410C0DE2AAAAAA
35889301,0x7E8,8,04410C0D84AAAAAA
35930966,0x130,5,C541FFFFFF
35941927,0x7DF,8,02010D0000000000
35953971,0x7EC,8,03410D00AAAAAAAA
35954868,0x7E8,8,03410D00AAAAAAAA
36006923,0x7DF,8,0201050000000000
36019982,0x7E8,8,0341058DAAAAAAAA
36032026,0x130,5,C541FFFFFF
36073923,0x7DF,8,02012F0000000000
36085974,0x7E8,8,03412F0CAAAAAAAA
36127966,0x130,5,C541FFFFFF
36139927,0x7DF,8,0201420000000000
36151971,0x7EC,8,044142348DAAAAAA
36153232,0x7E8,8,04414236D9AAAAAA
36203923,0x7DF,8,0201010000000000
36215974,0x7EC,8,06410100040000AA
36217214,0x7E8,8,0641018307E100AA
36228022,0x130,5,C541FFFFFF
36269923,0x7DF,8,0201040000000000
36291967,0x7E8,8,03410456AAAAAAAA
36333923,0x7DF,8,0201110000000000
36335372,0x130,5,C541FFFFFF
36345998,0x7E8,8,03411127AAAAAAAA
36396923,0x7DF,8,0201060000000000
36408974,0x7E8,8,03410680AAAAAAAA
36430966,0x130,5,C541FFFFFF
36461923,0x7DF,8,02010C0000000000
36473974,0x7EC,8,04410C104EAAAAAA
36474882,0x7E8,8,04410C0FC0AAAAAA
36525923,0x7DF,8,02010D0000000000
36527758,0x130,5,C541FFFFFF
36539010,0x7EC,8,03410D00AAAAAAAA
36539801,0x7E8,8,03410D00AAAAAAAA
36590926,0x7DF,8,0201050000000000
36604974,0x7E8,8,0341058DAAAAAAAA
36626966,0x130,5,C541FFFFFF
36718923,0x7DF,8,02010C0000000000
36731974,0x7E8,8,04410C10A8AAAAAA
36733501,0x7EC,8,04410C116AAAAAAA
36734315,0x130,5,C541FFFFFF
36784923,0x7DF,8,02010D0000000000
36796981,0x7EC,8,03410D00AAAAAAAA
36799431,0x7E8,8,03410D00AAAAAAAA
36831966,0x130,5,C541FFFFFF
36852923,0x7DF,8,0201050000000000
36864974,0x7E8,8,0341058DAAAAAAAA
36916926,0x7DF,8,0201040000000000
36929974,0x7E8,8,0341044EAAAAAAAA
36931361,0x130,5,C541FFFFFF
36981923,0x7DF,8,0201110000000000
36993974,0x7E8,8,03411128AAAAAAAA
37025966,0x130,5,C541FFFFFF
37047923,0x7DF,8,02010F0000000000
37059974,0x7E8,8,03410F63AAAAAAAA
37111926,0x7DF,8,0201070000000000
37124974,0x7E8,8,0341077FAAAAAAAA
37126004,0x130,5,C541FFFFFF
37176923,0x7DF,8,0201330000000000
37188974,0x7E8,8,03413364AAAAAAAA
37229966,0x130,5,C541FFFFFF
37241927,0x7DF,8,02010C0000000000
37253971,0x7EC,8,04410C116EAAAAAA
37255238,0x7E8,8,04410C12C6AAAAAA
37306923,0x7DF,8,02010D0000000000
37321974,0x7EC,8,03410D00AAAAAAAA
37323376,0x7E8,8,03410D00AAAAAAAA
37334022,0x130,5,C541FFFFFF
37375923,0x7DF,8,0201050000000000
37387974,0x7E8,8,0341058DAAAAAAAA
37429966,0x130,5,C541FFFFFF
37441927,0x7DF,8,02012F0000000000
37453971,0x7E8,8,03412F0CAAAAAAAA
37505926,0x7DF,8,0201420000000000
37517974,0x7EC,8,044142343BAAAAAA
37519934,0x7E8,8,04414236D9AAAAAA
37532022,0x130,5,C541FFFFFF
37573923,0x7DF,8,0201010000000000
37585974,0x7EC,8,06410100040000AA
37587267,0x7E8,8,0641018307E100AA
37628966,0x130,5,C541FFFFFF
37640927,0x7DF,8,0201040000000000
37652970,0x7E8,8,0341044CAAAAAAAA
37704928,0x7DF,8,0201110000000000
37716974,0x7E8,8,0341111FAAAAAAAA
37731010,0x130,5,C541FFFFFF
37772923,0x7DF,8,0201060000000000
37784974,0x7E8,8,03410680AAAAAAAA
37825966,0x130,5,C541FFFFFF
37837927,0x7DF,8,02011F0000000000
37849971,0x7E8,8,04411F0A08AAAAAA
37901926,0x7DF,8,02010C0000000000
37913974,0x7EC,8,04410C0E40AAAAAA
37915342,0x7E8,8,04410C0E7CAAAAAA
37927022,0x130,5,C541FFFFFF
37968923,0x7DF,8,02010D0000000000
37980974,0x7E8,8,03410D00AAAAAAAA
37982275,0x7EC,8,03410D00AAAAAAAA
38033923,0x7DF,8,0201050000000000
38037176,0x130,5,C541FFFFFF
38049010,0x7E8,8,0341058DAAAAAAAA
38100926,0x7DF,8,0201040000000000
38103111,0x7E8,8,0341044BAAAAAAAA
38124966,0x130,5,C541FFFFFF
38166923,0x7DF,8,0201110000000000
38178974,0x7E8,8,03411120AAAAAAAA
38230926,0x7DF,8,02010F0000000000
38234128,0x130,5,C541FFFFFF
38235731,0x7E8,8,03410F63AAAAAAAA
38296923,0x7DF,8,02010C0000000000
38309974,0x7E8,8,04410C0DFCAAAAAA
38311454,0x7EC,8,04410C0DDCAAAAAA
38332969,0x130,5,C541FFFFFF
38365923,0x7DF,8,02010D0000000000
38377974,0x7E8,8,03410D00AAAAAAAA
38379257,0x7EC,8,03410D00AAAAAAAA
38430923,0x7DF,8,0201050000000000
38433090,0x130,5,C541FFFFFF
38434002,0x7E8,8,0341058DAAAAAAAA
38498923,0x7DF,8,02012F0000000000
38511974,0x7E8,8,03412F0CAAAAAAAA
38533966,0x130,5,C541FFFFFF
38564923,0x7DF,8,0201420000000000
38576974,0x7EC,8,044142348DAAAAAA
38577922,0x7E8,8,04414236AAAAAAAA
38628923,0x7DF,8,0201010000000000
38630317,0x130,5,C541FFFFFF
38641010,0x7E8,8,0641018307E100AA
38643639,0x7EC,8,06410100040000AA
38694923,0x7DF,8,0201040000000000
38707974,0x7E8,8,0341044DAAAAAAAA
38728966,0x130,5,C541FFFFFF
38759923,0x7DF,8,0201110000000000
38771974,0x7E8,8,03411120AAAAAAAA
38823923,0x7DF,8,0201060000000000
38825343,0x130,5,C541FFFFFF
38837006,0x7E8,8,03410680AAAAAAAA
38888923,0x7DF,8,0201070000000000
38901974,0x7E8,8,0341077FAAAAAAAA
38933966,0x130,5,C541FFFFFF
38954923,0x7DF,8,0201330000000000
38966974,0x7E8,8,03413365AAAAAAAA
39018923,0x7DF,8,02010C0000000000
39030974,0x7E8,8,04410C0DAEAAAAAA
39031868,0x130,5,C541FFFFFF
39032578,0x7EC,8,04410C0DB2AAAAAA
39083923,0x7DF,8,02010D0000000000
39095974,0x7E8,8,03410D00AAAAAAAA
39097215,0x7EC,8,03410D00AAAAAAAA
39127966,0x130,5,C541FFFFFF
39148923,0x7DF,8,0201050000000000
39160974,0x7E8,8,0341058DAAAAAAAA
39212923,0x7DF,8,0201040000000000
39225974,0x7E8,8,0341044DAAAAAAAA
39227334,0x130,5,C541FFFFFF
39278923,0x7DF,8,0201110000000000
39291974,0x7E8,8,03411120AAAAAAAA
39333966,0x130,5,C541FFFFFF
39344927,0x7DF,8,02010F0000000000
39356978,0x7E8,8,03410F63AAAAAAAA
39409926,0x7DF,8,02010C0000000000
39421974,0x7EC,8,04410C0DA2AAAAAA
39423338,0x7E8,8,04410C0D90AAAAAA
39424895,0x130,5,C541FFFFFF
39475923,0x7DF,8,02010D0000000000
39487974,0x7EC,8,03410D00AAAAAAAA
39489317,0x7E8,8,03410D00AAAAAAAA
39529966,0x130,5,C541FFFFFF
39540927,0x7DF,8,0201050000000000
39551971,0x7E8,8,0341058DAAAAAAAA
39602923,0x7DF,8,02012F0000000000
39614974,0x7E8,8,03412F0CAAAAAAAA
39626010,0x130,5,C541FFFFFF
39666923,0x7DF,8,0201420000000000
39678975,0x7E8,8,04414236AAAAAAAA
39680313,0x7EC,8,044142348DAAAAAA
39730923,0x7DF,8,0201010000000000
39732298,0x130,5,C541FFFFFF
39733146,0x7E8,8,0641018307E100AA
39744022,0x7EC,8,06410100040000AA
39795932,0x7DF,8,0201040000000000
39808974,0x7E8,8,0341044EAAAAAAAA
39830966,0x130,5,C541FFFFFF
39861927,0x7DF,8,0201110000000000
39873974,0x7E8,8,03411120AAAAAAAA
39925923,0x7DF,8,0201060000000000
39928105,0x130,5,C541FFFFFF
39939010,0x7E8,8,03410680AAAAAAAA
39989923,0x7DF,8,02011F0000000000
40001974,0x7E8,8,04411F0A0AAAAAAA
40023966,0x130,5,C541FFFFFF
40054923,0x7DF,8,02010C0000000000
40066983,0x7EC,8,04410C0D92AAAAAA
40068122,0x7E8,8,04410C0D80AAAAAA
40118923,0x7DF,8,02010D0000000000
40130974,0x7E8,8,03410D00AAAAAAAA
40132233,0x130,5,C541FFFFFF
40133026,0x7EC,8,03410D00AAAAAAAA
40183923,0x7DF,8,0201050000000000
40195974,0x7E8,8,0341058DAAAAAAAA
40227966,0x130,5,C541FFFFFF
40248923,0x7DF,8,0201040000000000
40260974,0x7E8,8,0341044EAAAAAAAA
40312923,0x7DF,8,0201110000000000
40324974,0x7E8,8,03411120AAAAAAAA
40326312,0x130,5,C541FFFFFF
40386923,0x7DF,8,02010C0000000000
40398974,0x7E8,8,04410C0D7CAAAAAA
40400329,0x7EC,8,04410C0D8EAAAAAA
40431966,0x130,5,C541FFFFFF
40452923,0x7DF,8,02010D0000000000
40463974,0x7EC,8,03410D00AAAAAAAA
40464762,0x7E8,8,03410D00AAAAAAAA
40515923,0x7DF,8,0201050000000000
40527974,0x7E8,8,0341058DAAAAAAAA
40529308,0x130,5,C541FFFFFF
40590923,0x7DF,8,02010F0000000000
40594557,0x7E8,8,03410F63AAAAAAAA
40626966,0x130,5,C541FFFFFF
40657923,0x7DF,8,0201070000000000
40669974,0x7E8,8,0341077FAAAAAAAA
40720923,0x7DF,8,0201330000000000
40732974,0x130,5,C541FFFFFF
40734294,0x7E8,8,03413364AAAAAAAA
40785923,0x7DF,8,02010C0000000000
40797974,0x7E8,8,04410C0E38AAAAAA
40799892,0x7EC,8,04410C0E56AAAAAA
40831966,0x130,5,C541FFFFFF
40852927,0x7DF,8,0201010000000000
40864974,0x7EC,8,06410100040000AA
40866238,0x7E8,8,0641018307E100AA
40917927,0x7E0,8,0203000000000000
40930974,0x130,5,C541FFFFFF
41023974,0x130,5,C541FFFFFF
41125966,0x130,5,C541FFFFFF
41228966,0x130,5,C541FFFFFF
41331966,0x130,5,C541FFFFFF
41424966,0x130,5,C541FFFFFF
41527966,0x130,5,C541FFFFFF
41630966,0x130,5,C541FFFFFF
41723966,0x130,5,C541FFFFFF
41826966,0x130,5,C541FFFFFF
41929966,0x130,5,C541FFFFFF
42032966,0x130,5,C541FFFFFF
42125966,0x130,5,C541FFFFFF
42228966,0x130,5,C541FFFFFF
42331966,0x130,5,C541FFFFFF
42424923,0x7E0,8,0207000000000000
42427767,0x130,5,C541FFFFFF
42528966,0x130,5,C541FFFFFF
42623966,0x130,5,C541FFFFFF
42726966,0x130,5,C541FFFFFF
42830966,0x130,5,C541FFFFFF
42923966,0x130,5,C541FFFFFF
43026966,0x130,5,C541FFFFFF
43129966,0x130,5,C541FFFFFF
43232966,0x130,5,C541FFFFFF
43325966,0x130,5,C541FFFFFF
43428966,0x130,5,C541FFFFFF
43531966,0x130,5,C541FFFFFF
43624966,0x130,5,C541FFFFFF
43727966,0x130,5,C541FFFFFF
43830966,0x130,5,C541FFFFFF
43923966,0x130,5,C541FFFFFF
43936939,0x7E0,8,020A000000000000
44028966,0x130,5,C541FFFFFF
44131966,0x130,5,C541FFFFFF
44224966,0x130,5,C541FFFFFF
44327966,0x130,5,C541FFFFFF
44430966,0x130,5,C541FFFFFF
44523966,0x130,5,C541FFFFFF
44626966,0x130,5,C541FFFFFF
44729966,0x130,5,C541FFFFFF
44832966,0x130,5,C541FFFFFF
44925966,0x130,5,C541FFFFFF
45028966,0x130,5,C541FFFFFF
45131966,0x130,5,C541FFFFFF
45224966,0x130,5,C541FFFFFF
45327966,0x130,5,C541FFFFFF
45430966,0x130,5,C541FFFFFF
45443939,0x7DF,8,02010D0000000000
45455971,0x7EC,8,03410D00AAAAAAAA
45457226,0x7E8,8,03410D00AAAAAAAA
45507923,0x7DF,8,0201050000000000
45519974,0x7E8,8,0341058DAAAAAAAA
45532022,0x130,5,C541FFFFFF
45573923,0x7DF,8,02012F0000000000
45585974,0x7E8,8,03412F0CAAAAAAAA
45627966,0x130,5,C541FFFFFF
45639927,0x7DF,8,0201420000000000
45651970,0x7E8,8,044142367BAAAAAA
45653279,0x7EC,8,044142348DAAAAAA
45704926,0x7DF,8,0201010000000000
45717974,0x7EC,8,06410100040000AA
45719300,0x7E8,8,0641018307E100AA
45731022,0x130,5,C541FFFFFF
45772923,0x7DF,8,0201040000000000
45784974,0x7E8,8,03410445AAAAAAAA
45826966,0x130,5,C541FFFFFF
45838927,0x7DF,8,0201110000000000
45850971,0x7E8,8,03411120AAAAAAAA
45902923,0x7DF,8,02010F0000000000
45915974,0x7E8,8,03410F63AAAAAAAA
45928010,0x130,5,C541FFFFFF
45969923,0x7DF,8,0201060000000000
45992773,0x7E8,8,03410680AAAAAAAA
46024974,0x130,5,C541FFFFFF
46036927,0x7DF,8,0201070000000000
46048970,0x7E8,8,0341077FAAAAAAAA
46100926,0x7DF,8,0201330000000000
46122967,0x7E8,8,03413364AAAAAAAA
46124981,0x130,5,C541FFFFFF
46166923,0x7DF,8,02011F0000000000
46178974,0x7E8,8,04411F0A10AAAAAA
46230923,0x7DF,8,02010C0000000000
46234156,0x130,5,C541FFFFFF
46245010,0x7EC,8,04410C0DF6AAAAAA
46246294,0x7E8,8,04410C0E14AAAAAA
46297923,0x7DF,8,02010D0000000000
46309974,0x7E8,8,03410D00AAAAAAAA
46311398,0x7EC,8,03410D00AAAAAAAA
46323022,0x130,5,C541FFFFFF
46364923,0x7DF,8,0201050000000000
46376974,0x7E8,8,0341058DAAAAAAAA
46428926,0x7DF,8,0201040000000000
46431797,0x130,5,C541FFFFFF
46444006,0x7E8,8,03410449AAAAAAAA
46495926,0x7DF,8,0201110000000000
46507974,0x7E8,8,03411120AAAAAAAA
46529966,0x130,5,C541FFFFFF
46571923,0x7DF,8,02010C0000000000
46583974,0x7EC,8,04410C0DD2AAAAAA
46585239,0x7E8,8,04410C0DC6AAAAAA
46626969,0x130,5,C541FFFFFF
46639927,0x7DF,8,02010D0000000000
46651971,0x7EC,8,03410D00AAAAAAAA
46664018,0x7E8,8,03410D00AAAAAAAA
46705923,0x7DF,8,0201050000000000
46717974,0x7E8,8,0341058DAAAAAAAA
46730070,0x130,5,C541FFFFFF
46771923,0x7DF,8,02012F0000000000
46783974,0x7E8,8,03412F0CAAAAAAAA
46825966,0x130,5,C541FFFFFF
46837927,0x7DF,8,0201420000000000
46849970,0x7E8,8,0441423692AAAAAA
46851301,0x7EC,8,044142348DAAAAAA
46902923,0x7DF,8,0201010000000000
46915974,0x7EC,8,06410100040000AA
46917393,0x7E8,8,0641018307E100AA
46929022,0x130,5,C541FFFFFF
46970923,0x7DF,8,0201040000000000
46992967,0x7E8,8,03410455AAAAAAAA
47024966,0x130,5,C541FFFFFF
47035931,0x7DF,8,0201110000000000
47049971,0x7E8,8,03411128AAAAAAAA
47101923,0x7DF,8,02010F0000000000
47113974,0x7E8,8,03410F63AAAAAAAA
47126018,0x130,5,C541FFFFFF
47167923,0x7DF,8,0201060000000000
47179974,0x7E8,8,03410680AAAAAAAA
47231926,0x7DF,8,02010C0000000000
47234056,0x130,5,C541FFFFFF
47246010,0x7EC,8,04410C0F8CAAAAAA
47247983,0x7E8,8,04410C0F2AAAAAAA
47299923,0x7DF,8,02010D0000000000
47311974,0x7EC,8,03410D00AAAAAAAA
47324022,0x7E8,8,03410D00AAAAAAAA
47325274,0x130,5,C541FFFFFF
47366923,0x7DF,8,0201050000000000
47378974,0x7E8,8,0341058DAAAAAAAA
47430923,0x7DF,8,0201040000000000
47432384,0x130,5,C541FFFFFF
47444010,0x7E8,8,03410457AAAAAAAA
47497926,0x7DF,8,0201110000000000
47510974,0x7E8,8,03411129AAAAAAAA
47523018,0x130,5,C541FFFFFF
47564923,0x7DF,8,0201070000000000
47576974,0x7E8,8,0341077FAAAAAAAA
47628923,0x7DF,8,02010C0000000000
47630325,0x130,5,C541FFFFFF
47642010,0x7E8,8,04410C1120AAAAAA
47643281,0x7EC,8,04410C117AAAAAAA
47693923,0x7DF,8,02010D0000000000
47705974,0x7EC,8,03410D00AAAAAAAA
47707301,0x7E8,8,03410D00AAAAAAAA
47728966,0x130,5,C541FFFFFF
47759923,0x7DF,8,0201050000000000
47781967,0x7E8,8,0341058DAAAAAAAA
47823923,0x7DF,8,02012F0000000000
47825363,0x130,5,C541FFFFFF
47837006,0x7E8,8,03412F0CAAAAAAAA
47888926,0x7DF,8,0201420000000000
47901974,0x7E8,8,044142367BAAAAAA
47903384,0x7EC,8,0441423456AAAAAA
47924966,0x130,5,C541FFFFFF
47955923,0x7DF,8,0201010000000000
47967974,0x7EC,8,06410100040000AA
47969882,0x7E8,8,0641018307E100AA
48021926,0x7DF,8,0201040000000000
48024245,0x130,5,C541FFFFFF
48036018,0x7E8,8,0341044BAAAAAAAA
48087926,0x7DF,8,0201110000000000
48100974,0x7E8,8,0341111EAAAAAAAA
48122966,0x130,5,C541FFFFFF
48153923,0x7DF,8,02010F0000000000
48165974,0x7E8,8,03410F63AAAAAAAA
48217923,0x7DF,8,0201060000000000
48229974,0x130,5,C541FFFFFF
48231239,0x7E8,8,03410680AAAAAAAA
48282923,0x7DF,8,0201330000000000
48295974,0x7E8,8,03413364AAAAAAAA
48327966,0x130,5,C541FFFFFF
48348923,0x7DF,8,02011F0000000000
48360974,0x7E8,8,04411F0A12AAAAAA
48412923,0x7DF,8,02010C0000000000
48424974,0x7EC,8,04410C0E34AAAAAA
48426294,0x130,5,C541FFFFFF
48427722,0x7E8,8,04410C0E50AAAAAA
48478923,0x7DF,8,02010D0000000000
48492974,0x7E8,8,03410D00AAAAAAAA
48494433,0x7EC,8,03410D00AAAAAAAA
48525966,0x130,5,C541FFFFFF
48546923,0x7DF,8,0201050000000000
48558974,0x7E8,8,0341058DAAAAAAAA
48610928,0x7DF,8,0201040000000000
48623974,0x130,5,C541FFFFFF
48625389,0x7E8,8,0341044BAAAAAAAA
48676923,0x7DF,8,0201110000000000
48689974,0x7E8,8,03411120AAAAAAAA
48731966,0x130,5,C541FFFFFF
48752923,0x7DF,8,02010C0000000000
48764974,0x7EC,8,04410C0DBEAAAAAA
48766236,0x7E8,8,04410C0DBEAAAAAA
48816923,0x7DF,8,02010D0000000000
48828974,0x130,5,C541FFFFFF
48830307,0x7E8,8,03410D00AAAAAAAA
48831097,0x7EC,8,03410D00AAAAAAAA
48881923,0x7DF,8,0201050000000000
48893974,0x7E8,8,0341058DAAAAAAAA
48925966,0x130,5,C541FFFFFF
48946923,0x7DF,8,02012F0000000000
48958974,0x7E8,8,03412F0CAAAAAAAA
49010926,0x7DF,8,0201420000000000
49023974,0x7EC,8,044142341FAAAAAA
49025346,0x130,5,C541FFFFFF
49026720,0x7E8,8,0441423663AAAAAA
49077925,0x7DF,8,0201010000000000
49090975,0x7E8,8,0641018307E100AA
49093016,0x7EC,8,06410100040000AA
49124966,0x130,5,C541FFFFFF
49145923,0x7DF,8,0201040000000000
49157974,0x7E8,8,0341044CAAAAAAAA
49209926,0x7DF,8,0201110000000000
49222980,0x130,5,C541FFFFFF
49224369,0x7E8,8,03411120AAAAAAAA
49275923,0x7DF,8,02010F0000000000
49288986,0x7E8,8,03410F63AAAAAAAA
49322966,0x130,5,C541FFFFFF
49344923,0x7DF,8,0201060000000000
49356974,0x7E8,8,03410680AAAAAAAA
49408923,0x7DF,8,0201070000000000
49422974,0x7E8,8,0341077FAAAAAAAA
49424390,0x130,5,C541FFFFFF
49475923,0x7DF,8,02010C0000000000
49487975,0x7EC,8,04410C0DAAAAAAAA
49489478,0x7E8,8,04410C0DAAAAAAAA
49530966,0x130,5,C541FFFFFF
49542927,0x7DF,8,02010D0000000000
49554971,0x7EC,8,03410D00AAAAAAAA
49556294,0x7E8,8,03410D00AAAAAAAA
49606923,0x7DF,8,0201050000000000
49618974,0x7E8,8,0341058DAAAAAAAA
49631022,0x130,5,C541FFFFFF
49672923,0x7DF,8,0201040000000000
49684974,0x7E8,8,0341044CAAAAAAAA
49726966,0x130,5,C541FFFFFF
49738927,0x7DF,8,0201110000000000
49750971,0x7E8,8,03411120AAAAAAAA
49802926,0x7DF,8,0201330000000000
49815974,0x7E8,8,03413364AAAAAAAA
49828018,0x130,5,C541FFFFFF
49869923,0x7DF,8,02010C0000000000
49881974,0x7E8,8,04410C0DAEAAAAAA
49883265,0x7EC,8,04410C0D90AAAAAA
49923966,0x130,5,C541FFFFFF
49935927,0x7DF,8,02010D0000000000
49947971,0x7E8,8,03410D00AAAAAAAA
49949242,0x7EC,8,03410D00AAAAAAAA
49999923,0x7DF,8,0201050000000000
50011974,0x7E8,8,0341058DAAAAAAAA
50024022,0x130,5,C541FFFFFF
50065923,0x7DF,8,02012F0000000000
50077974,0x7E8,8,03412F0CAAAAAAAA
50129926,0x7DF,8,0201420000000000
50132819,0x130,5,C541FFFFFF
50145006,0x7EC,8,044142348DAAAAAA
50146301,0x7E8,8,0441423692AAAAAA
50197923,0x7DF,8,0201010000000000
50210985,0x7E8,8,0641018307E100AA
50213790,0x7EC,8,06410100040000AA
50225022,0x130,5,C541FFFFFF
50266923,0x7DF,8,0201040000000000
50278974,0x7E8,8,03410452AAAAAAAA
50330926,0x7DF,8,0201110000000000
50333892,0x130,5,C541FFFFFF
50346006,0x7E8,8,03411127AAAAAAAA
50397926,0x7DF,8,02010F0000000000
50409974,0x7E8,8,03410F63AAAAAAAA
50422028,0x130,5,C541FFFFFF
50463927,0x7DF,8,0201010000000000
50475974,0x7EC,8,06410100040000AA
50477259,0x7E8,8,0641018307E100AA
50528927,0x7E0,8,0203000000000000
50532134,0x130,5,C541FFFFFF
50623966,0x130,5,C541FFFFFF
50726966,0x130,5,C541FFFFFF
50829966,0x130,5,C541FFFFFF
50922966,0x130,5,C541FFFFFF
51025974,0x130,5,C541FFFFFF
51129966,0x130,5,C541FFFFFF
51224966,0x130,5,C541FFFFFF
51327966,0x130,5,C541FFFFFF
51421966,0x130,5,C541FFFFFF
51523966,0x130,5,C541FFFFFF
51626966,0x130,5,C541FFFFFF
51729966,0x130,5,C541FFFFFF
51822966,0x130,5,C541FFFFFF
51925966,0x130,5,C541FFFFFF
52028966,0x130,5,C541FFFFFF
52041927,0x7E0,8,0207000000000000
52123966,0x130,5,C541FFFFFF
52226966,0x130,5,C541FFFFFF
52329966,0x130,5,C541FFFFFF
52422966,0x130,5,C541FFFFFF
52525966,0x130,5,C541FFFFFF
52628966,0x130,5,C541FFFFFF
52721966,0x130,5,C541FFFFFF
52824966,0x130,5,C541FFFFFF
52927966,0x130,5,C541FFFFFF
53030966,0x130,5,C541FFFFFF
53123966,0x130,5,C541FFFFFF
53226966,0x130,5,C541FFFFFF
53329966,0x130,5,C541FFFFFF
53422966,0x130,5,C541FFFFFF
53525966,0x130,5,C541FFFFFF
53548931,0x7E0,8,020A000000000000
53630966,0x130,5,C541FFFFFF
53723966,0x130,5,C541FFFFFF
53826966,0x130,5,C541FFFFFF
53929966,0x130,5,C541FFFFFF
54022966,0x130,5,C541FFFFFF
54125966,0x130,5,C541FFFFFF
54228966,0x130,5,C541FFFFFF
54321966,0x130,5,C541FFFFFF
54424966,0x130,5,C541FFFFFF
54527966,0x130,5,C541FFFFFF
54630966,0x130,5,C541FFFFFF
54723966,0x130,5,C541FFFFFF
54826966,0x130,5,C541FFFFFF
54929966,0x130,5,C541FFFFFF
55022966,0x130,5,C541FFFFFF
55057931,0x7DF,8,0201060000000000
55069974,0x7E8,8,03410680AAAAAAAA
55121926,0x7DF,8,0201070000000000
55124058,0x130,5,C541FFFFFF
55134998,0x7E8,8,0341077FAAAAAAAA
55186923,0x7DF,8,0201330000000000
55198974,0x7E8,8,03413364AAAAAAAA
55230966,0x130,5,C541FFFFFF
55252923,0x7DF,8,02011F0000000000
55264974,0x7E8,8,04411F0A19AAAAAA
55316926,0x7DF,8,02010C0000000000
55328974,0x130,5,C541FFFFFF
55332600,0x7E8,8,04410C0D8AAAAAAA
55334297,0x7EC,8,04410C0D7EAAAAAA
55385923,0x7DF,8,02010D0000000000
55397974,0x7E8,8,03410D00AAAAAAAA
55399366,0x7EC,8,03410D00AAAAAAAA
55430966,0x130,5,C541FFFFFF
55452923,0x7DF,8,0201050000000000
55464974,0x7E8,8,0341058DAAAAAAAA
55516926,0x7DF,8,02012F0000000000
55528974,0x130,5,C541FFFFFF
55530345,0x7E8,8,03412F0CAAAAAAAA
55581923,0x7DF,8,0201420000000000
55594975,0x7EC,8,044142348DAAAAAA
55596336,0x7E8,8,0441423663AAAAAA
55627966,0x130,5,C541FFFFFF
55648923,0x7DF,8,0201010000000000
55660974,0x7E8,8,0641018307E100AA
55662313,0x7EC,8,06410100040000AA
55713923,0x7DF,8,0201040000000000
55726974,0x130,5,C541FFFFFF
55728333,0x7E8,8,0341044EAAAAAAAA
55779923,0x7DF,8,0201110000000000
55783181,0x7E8,8,03411120AAAAAAAA
55824966,0x130,5,C541FFFFFF
55846923,0x7DF,8,02010F0000000000
55858974,0x7E8,8,03410F63AAAAAAAA
55910923,0x7DF,8,0201060000000000
55923974,0x130,5,C541FFFFFF
55925365,0x7E8,8,03410680AAAAAAAA
55976923,0x7DF,8,02010C0000000000
55989776,0x7EC,8,04410C0DA8AAAAAA
55991561,0x7E8,8,04410C0D88AAAAAA
56022974,0x130,5,C541FFFFFF
56043923,0x7DF,8,02010D0000000000
56055974,0x7EC,8,03410D00AAAAAAAA
56057805,0x7E8,8,03410D00AAAAAAAA
56109926,0x7DF,8,0201050000000000
56121974,0x7E8,8,0341058DAAAAAAAA
56123378,0x130,5,C541FFFFFF
56174923,0x7DF,8,0201040000000000
56186974,0x7E8,8,03410453AAAAAAAA
56228966,0x130,5,C541FFFFFF
56240927,0x7DF,8,0201110000000000
56252977,0x7E8,8,03411125AAAAAAAA
56315923,0x7DF,8,02010C0000000000
56327974,0x7EC,8,04410C0ED4AAAAAA
56329340,0x130,5,C541FFFFFF
56330771,0x7E8,8,04410C0E26AAAAAA
56382923,0x7DF,8,02010D0000000000
56394974,0x7EC,8,03410D00AAAAAAAA
56396290,0x7E8,8,03410D00AAAAAAAA
56426966,0x130,5,C541FFFFFF
56447923,0x7DF,8,0201050000000000
56459974,0x7E8,8,0341058DAAAAAAAA
56521966,0x130,5,C541FFFFFF
56574923,0x7DF,8,02010C0000000000
56586974,0x7EC,8,04410C0FF4AAAAAA
56588298,0x7E8,8,04410C0FE2AAAAAA
56628966,0x130,5,C541FFFFFF
56639927,0x7DF,8,02010D0000000000
56651971,0x7EC,8,03410D00AAAAAAAA
56664018,0x7E8,8,03410D00AAAAAAAA
56705923,0x7DF,8,0201050000000000
56717974,0x7E8,8,0341058DAAAAAAAA
56730022,0x130,5,C541FFFFFF
56771923,0x7DF,8,02012F0000000000
56783974,0x7E8,8,03412F0CAAAAAAAA
56825966,0x130,5,C541FFFFFF
56836927,0x7DF,8,0201420000000000
56848971,0x7E8,8,0441423663AAAAAA
56850250,0x7EC,8,0441423329AAAAAA
56901923,0x7DF,8,0201010000000000
56915974,0x7EC,8,06410100040000AA
56917343,0x7E8,8,0641018307E100AA
56929022,0x130,5,C541FFFFFF
56970923,0x7DF,8,0201040000000000
56982974,0x7E8,8,03410453AAAAAAAA
57034923,0x7DF,8,0201110000000000
57036411,0x130,5,C541FFFFFF
57048006,0x7E8,8,0341111FAAAAAAAA
57099923,0x7DF,8,02010F0000000000
57121967,0x7E8,8,03410F63AAAAAAAA
57123290,0x130,5,C541FFFFFF
57163923,0x7DF,8,0201060000000000
57175981,0x7E8,8,03410680AAAAAAAA
57228923,0x7DF,8,0201070000000000
57230396,0x130,5,C541FFFFFF
57242010,0x7E8,8,0341077FAAAAAAAA
57293926,0x7DF,8,0201330000000000
57306974,0x7E8,8,03413364AAAAAAAA
57328966,0x130,5,C541FFFFFF
57359923,0x7DF,8,02011F0000000000
57381967,0x7E8,8,04411F0A1BAAAAAA
57423923,0x7DF,8,02010C0000000000
57425355,0x130,5,C541FFFFFF
57436010,0x7EC,8,04410C0DA0AAAAAA
57437283,0x7E8,8,04410C0D66AAAAAA
57488923,0x7DF,8,02010D0000000000
57501974,0x7E8,8,03410D00AAAAAAAA
57503353,0x7EC,8,03410D00AAAAAAAA
57524966,0x130,5,C541FFFFFF
57555923,0x7DF,8,0201050000000000
57567974,0x7E8,8,0341058DAAAAAAAA
57619926,0x7DF,8,0201040000000000
57622388,0x130,5,C541FFFFFF
57634014,0x7E8,8,03410459AAAAAAAA
57685926,0x7DF,8,0201110000000000
57699974,0x7E8,8,03411128AAAAAAAA
57721966,0x130,5,C541FFFFFF
57763923,0x7DF,8,02010C0000000000
57775974,0x7EC,8,04410C0F46AAAAAA
57776882,0x7E8,8,04410C0F18AAAAAA
57827923,0x7DF,8,02010D0000000000
57829778,0x130,5,C541FFFFFF
57841010,0x7EC,8,03410D00AAAAAAAA
57842040,0x7E8,8,03410D00AAAAAAAA
57892923,0x7DF,8,0201050000000000
57904974,0x7E8,8,0341058DAAAAAAAA
57926966,0x130,5,C541FFFFFF
57957923,0x7DF,8,02012F0000000000
57969974,0x7E8,8,03412F0CAAAAAAAA
58021926,0x7DF,8,0201420000000000
58024860,0x130,5,C541FFFFFF
58037006,0x7EC,8,044142348DAAAAAA
58038301,0x7E8,8,04414235A7AAAAAA
58088923,0x7DF,8,0201010000000000
58100974,0x7E8,8,0641018307E100AA
58102974,0x7EC,8,06410100040000AA
58124966,0x130,5,C541FFFFFF
58155923,0x7DF,8,0201040000000000
58167974,0x7E8,8,03410454AAAAAAAA
58219926,0x7DF,8,0201110000000000
58222793,0x130,5,C541FFFFFF
58235014,0x7E8,8,0341111EAAAAAAAA
58286923,0x7DF,8,02010F0000000000
58298974,0x7E8,8,03410F63AAAAAAAA
58322966,0x130,5,C541FFFFFF
58354923,0x7DF,8,0201060000000000
58366974,0x7E8,8,03410680AAAAAAAA
58417923,0x7DF,8,02010C0000000000
58429974,0x130,5,C541FFFFFF
58431282,0x7E8,8,04410C0E82AAAAAA
58432405,0x7EC,8,04410C0E70AAAAAA
58483923,0x7DF,8,02010D0000000000
58495975,0x7EC,8,03410D00AAAAAAAA
58497233,0x7E8,8,03410D00AAAAAAAA
58528966,0x130,5,C541FFFFFF
58550923,0x7DF,8,0201050000000000
58562974,0x7E8,8,0341058DAAAAAAAA
58614926,0x7DF,8,0201040000000000
58627974,0x130,5,C541FFFFFF
58629381,0x7E8,8,03410453AAAAAAAA
58679923,0x7DF,8,0201110000000000
58701967,0x7E8,8,03411120AAAAAAAA
58723966,0x130,5,C541FFFFFF
58745923,0x7DF,8,0201070000000000
58757974,0x7E8,8,0341077FAAAAAAAA
58809923,0x7DF,8,02010C0000000000
58821974,0x7EC,8,04410C0D7CAAAAAA
58823868,0x130,5,C541FFFFFF
58825495,0x7E8,8,04410C0DB6AAAAAA
58876923,0x7DF,8,02010D0000000000
58888974,0x7EC,8,03410D00AAAAAAAA
58890260,0x7E8,8,03410D00AAAAAAAA
58921966,0x130,5,C541FFFFFF
58943923,0x7DF,8,0201050000000000
58955974,0x7E8,8,0341058DAAAAAAAA
59007923,0x7DF,8,02012F0000000000
59019975,0x7E8,8,03412F0CAAAAAAAA
59032018,0x130,5,C541FFFFFF
59073923,0x7DF,8,0201420000000000
59085974,0x7EC,8,044142348DAAAAAA
59087263,0x7E8,8,04414236AAAAAAAA
59128966,0x130,5,C541FFFFFF
59140927,0x7DF,8,0201010000000000
59152970,0x7EC,8,06410100040000AA
59154267,0x7E8,8,0641018307E100AA
59205923,0x7DF,8,0201040000000000
59218974,0x7E8,8,0341045DAAAAAAAA
59220347,0x130,5,C541FFFFFF
59270923,0x7DF,8,0201110000000000
59282974,0x7E8,8,03411129AAAAAAAA
59324970,0x130,5,C541FFFFFF
59337927,0x7DF,8,02010F0000000000
59349971,0x7E8,8,03410F63AAAAAAAA
59401923,0x7DF,8,0201060000000000
59413974,0x7E8,8,03410680AAAAAAAA
59426018,0x130,5,C541FFFFFF
59469923,0x7DF,8,0201330000000000
59491967,0x7E8,8,03413364AAAAAAAA
59523966,0x130,5,C541FFFFFF
59535927,0x7DF,8,02011F0000000000
59547971,0x7E8,8,04411F0A1DAAAAAA
59599926,0x7DF,8,02010C0000000000
59611974,0x7EC,8,04410C0F80AAAAAA
59613351,0x7E8,8,04410C108AAAAAAA
59625022,0x130,5,C541FFFFFF
59666923,0x7DF,8,02010D0000000000
59678974,0x7EC,8,03410D00AAAAAAAA
59680296,0x7E8,8,03410D00AAAAAAAA
59721966,0x130,5,C541FFFFFF
59733932,0x7DF,8,0201050000000000
59746971,0x7E8,8,0341058DAAAAAAAA
59798927,0x7DF,8,0201040000000000
59810974,0x7E8,8,03410450AAAAAAAA
59823018,0x130,5,C541FFFFFF
59864923,0x7DF,8,0201110000000000
59876974,0x7E8,8,0341111EAAAAAAAA
59928972,0x130,5,C541FFFFFF
59940927,0x7DF,8,02010C0000000000
59952971,0x7EC,8,04410C0DE4AAAAAA
59954292,0x7E8,8,04410C0DE4AAAAAA
60005923,0x7DF,8,02010D0000000000
60017974,0x7E8,8,03410D00AAAAAAAA
60019286,0x7EC,8,03410D00AAAAAAAA
60020790,0x130,5,C541FFFFFF
60072933,0x7DF,8,0201010000000000
60085974,0x7EC,8,06410100040000AA
60087358,0x7E8,8,0641018307E100AA
60128966,0x130,5,C541FFFFFF
60139931,0x7E0,8,0203000000000000
60221966,0x130,5,C541FFFFFF
60324966,0x130,5,C541FFFFFF
60427966,0x130,5,C541FFFFFF
60520966,0x130,5,C541FFFFFF
60623966,0x130,5,C541FFFFFF
60726966,0x130,5,C541FFFFFF
60819982,0x130,5,C541FFFFFF
60922966,0x130,5,C541FFFFFF
61035966,0x130,5,C541FFFFFF
61128966,0x130,5,C541FFFFFF
61222974,0x130,5,C541FFFFFF
61324966,0x130,5,C541FFFFFF
61427966,0x130,5,C541FFFFFF
61520966,0x130,5,C541FFFFFF
61623966,0x130,5,C541FFFFFF
61646923,0x7E0,8,0207000000000000
61728966,0x130,5,C541FFFFFF
61821966,0x130,5,C541FFFFFF
61924966,0x130,5,C541FFFFFF
62027966,0x130,5,C541FFFFFF
62120966,0x130,5,C541FFFFFF
62223966,0x130,5,C541FFFFFF
62326966,0x130,5,C541FFFFFF
62419966,0x130,5,C541FFFFFF
62522966,0x130,5,C541FFFFFF
62625966,0x130,5,C541FFFFFF
62728966,0x130,5,C541FFFFFF
62821966,0x130,5,C541FFFFFF
62924966,0x130,5,C541FFFFFF
63037966,0x130,5,C541FFFFFF
63120966,0x130,5,C541FFFFFF
63153931,0x7E0,8,020A000000000000
63225966,0x130,5,C541FFFFFF
63328966,0x130,5,C541FFFFFF
63421966,0x130,5,C541FFFFFF
63524966,0x130,5,C541FFFFFF
63627966,0x130,5,C541FFFFFF
63720966,0x130,5,C541FFFFFF
63823973,0x130,5,C541FFFFFF
63926966,0x130,5,C541FFFFFF
64019966,0x130,5,C541FFFFFF
64122966,0x130,5,C541FFFFFF
64225966,0x130,5,C541FFFFFF
64328966,0x130,5,C541FFFFFF
64421966,0x130,5,C541FFFFFF
64524966,0x130,5,C541FFFFFF
64627966,0x130,5,C541FFFFFF
64660931,0x7DF,8,0201050000000000
64672974,0x7E8,8,0341058DAAAAAAAA
64724926,0x7DF,8,02012F0000000000
64727061,0x130,5,C541FFFFFF
64738998,0x7E8,8,03412F0CAAAAAAAA
64790926,0x7DF,8,0201420000000000
64803974,0x7EC,8,04414234A8AAAAAA
64805309,0x7E8,8,044142364CAAAAAA
64826966,0x130,5,C541FFFFFF
64857923,0x7DF,8,0201010000000000
64869974,0x7E8,8,0641018307E100AA
64871281,0x7EC,8,06410100040000AA
64922926,0x7DF,8,0201040000000000
64925116,0x130,5,C541FFFFFF
64937010,0x7E8,8,0341044EAAAAAAAA
64988927,0x7DF,8,0201110000000000
65001974,0x7E8,8,03411120AAAAAAAA
65033966,0x130,5,C541FFFFFF
65054923,0x7DF,8,02010F0000000000
65066974,0x7E8,8,03410F63AAAAAAAA
65118923,0x7DF,8,0201060000000000
65121038,0x130,5,C541FFFFFF
65122672,0x7E8,8,03410680AAAAAAAA
65183923,0x7DF,8,0201070000000000
65196974,0x7E8,8,0341077FAAAAAAAA
65228966,0x130,5,C541FFFFFF
65249923,0x7DF,8,0201330000000000
65261974,0x7E8,8,03413364AAAAAAAA
65315926,0x7DF,8,02011F0000000000
65328974,0x130,5,C541FFFFFF
65330313,0x7E8,8,04411F0A23AAAAAA
65381923,0x7DF,8,02010C0000000000
65393974,0x7EC,8,04410C0D4CAAAAAA
65395324,0x7E8,8,04410C0D4CAAAAAA
65426966,0x130,5,C541FFFFFF
65447923,0x7DF,8,02010D0000000000
65459974,0x7EC,8,03410D00AAAAAAAA
65461242,0x7E8,8,03410D00AAAAAAAA
65513926,0x7DF,8,0201050000000000
65526974,0x130,5,C541FFFFFF
65528341,0x7E8,8,0341058DAAAAAAAA
65579923,0x7DF,8,0201040000000000
65583153,0x7E8,8,0341044EAAAAAAAA
65624966,0x130,5,C541FFFFFF
65646923,0x7DF,8,0201110000000000
65658974,0x7E8,8,03411120AAAAAAAA
65719923,0x7DF,8,02010C0000000000
65723147,0x130,5,C541FFFFFF
65725074,0x7E8,8,04410C0D4EAAAAAA
65726593,0x7EC,8,04410C0D4AAAAAAA
65787923,0x7DF,8,02010D0000000000
65800974,0x7E8,8,03410D00AAAAAAAA
65802454,0x7EC,8,03410D00AAAAAAAA
65823966,0x130,5,C541FFFFFF
65854923,0x7DF,8,0201050000000000
65866974,0x7E8,8,0341058DAAAAAAAA
65917923,0x7DF,8,02012F0000000000
65921298,0x130,5,C541FFFFFF
65922708,0x7E8,8,03412F0CAAAAAAAA
65983923,0x7DF,8,0201420000000000
65996974,0x7EC,8,044142348DAAAAAA
65998513,0x7E8,8,0441423692AAAAAA
66019966,0x130,5,C541FFFFFF
66050923,0x7DF,8,0201010000000000
66062974,0x7EC,8,06410100040000AA
66064228,0x7E8,8,0641018307E100AA
66116923,0x7DF,8,0201040000000000
66119261,0x130,5,C541FFFFFF
66131018,0x7E8,8,0341044EAAAAAAAA
66182926,0x7DF,8,0201110000000000
66194974,0x7E8,8,03411120AAAAAAAA
66226966,0x130,5,C541FFFFFF
66248923,0x7DF,8,02010F0000000000
66260974,0x7E8,8,03410F63AAAAAAAA
66311923,0x7DF,8,0201060000000000
66324974,0x130,5,C541FFFFFF
66326404,0x7E8,8,03410680AAAAAAAA
66377923,0x7DF,8,02010C0000000000
66389985,0x7E8,8,04410C0D2EAAAAAA
66393066,0x7EC,8,04410C0D36AAAAAA
66424966,0x130,5,C541FFFFFF
66445923,0x7DF,8,02010D0000000000
66457974,0x7E8,8,03410D00AAAAAAAA
66459232,0x7EC,8,03410D00AAAAAAAA
66510923,0x7DF,8,0201050000000000
66523974,0x130,5,C541FFFFFF
66525341,0x7E8,8,0341058DAAAAAAAA
66576923,0x7DF,8,0201040000000000
66589974,0x7E8,8,0341044EAAAAAAAA
66621966,0x130,5,C541FFFFFF
66643923,0x7DF,8,0201110000000000
66655974,0x7E8,8,03411120AAAAAAAA
66707926,0x7DF,8,0201070000000000
66720974,0x7E8,8,0341077FAAAAAAAA
66722347,0x130,5,C541FFFFFF
66773923,0x7DF,8,02010C0000000000
66786974,0x7EC,8,04410C0D38AAAAAA
66788347,0x7E8,8,04410C0D2AAAAAAA
66819966,0x130,5,C541FFFFFF
66841923,0x7DF,8,02010D0000000000
66853975,0x7EC,8,03410D00AAAAAAAA
66855241,0x7E8,8,03410D00AAAAAAAA
66906923,0x7DF,8,0201050000000000
66919974,0x7E8,8,0341058DAAAAAAAA
66921358,0x130,5,C541FFFFFF
66972923,0x7DF,8,02012F0000000000
66984974,0x7E8,8,03412F0CAAAAAAAA
67036929,0x7DF,8,0201420000000000
67039829,0x130,5,C541FFFFFF
67052010,0x7E8,8,04414236D9AAAAAA
67053315,0x7EC,8,04414234A8AAAAAA
67104923,0x7DF,8,0201010000000000
67119974,0x7E8,8,0641018307E100AA
67121833,0x7EC,8,06410100040000AA
67123300,0x130,5,C541FFFFFF
67173923,0x7DF,8,0201040000000000
67185974,0x7E8,8,0341044EAAAAAAAA
67227966,0x130,5,C541FFFFFF
67239927,0x7DF,8,0201110000000000
67261967,0x7E8,8,03411120AAAAAAAA
67302923,0x7DF,8,02010F0000000000
67314974,0x7E8,8,03410F63AAAAAAAA
67327010,0x130,5,C541FFFFFF
67368923,0x7DF,8,0201060000000000
67380974,0x7E8,8,03410680AAAAAAAA
67422966,0x130,5,C541FFFFFF
67434927,0x7DF,8,0201330000000000
67446970,0x7E8,8,03413364AAAAAAAA
67498926,0x7DF,8,02011F0000000000
67510974,0x7E8,8,04411F0A25AAAAAA
67523010,0x130,5,C541FFFFFF
67564923,0x7DF,8,02010C0000000000
67576974,0x7EC,8,04410C0D52AAAAAA
67578262,0x7E8,8,04410C0D50AAAAAA
67619966,0x130,5,C541FFFFFF
67631927,0x7DF,8,02010D0000000000
67643971,0x7EC,8,03410D00AAAAAAAA
67645232,0x7E8,8,03410D00AAAAAAAA
67696923,0x7DF,8,0201050000000000
67709974,0x7E8,8,0341058DAAAAAAAA
67722068,0x130,5,C541FFFFFF
67764923,0x7DF,8,0201040000000000
67776974,0x7E8,8,0341044DAAAAAAAA
67818966,0x130,5,C541FFFFFF
67829927,0x7DF,8,0201110000000000
67841970,0x7E8,8,03411120AAAAAAAA
67903923,0x7DF,8,02010C0000000000
67916974,0x7EC,8,04410C0D56AAAAAA
67918457,0x7E8,8,04410C0D54AAAAAA
67920974,0x130,5,C541FFFFFF
67972926,0x7DF,8,02010D0000000000
67985974,0x7EC,8,03410D00AAAAAAAA
67987321,0x7E8,8,03410D00AAAAAAAA
68018966,0x130,5,C541FFFFFF
68039923,0x7DF,8,0201050000000000
68061967,0x7E8,8,0341058DAAAAAAAA
68103923,0x7DF,8,02012F0000000000
68115974,0x7E8,8,03412F0CAAAAAAAA
68128010,0x130,5,C541FFFFFF
68169923,0x7DF,8,0201420000000000
68181974,0x7EC,8,04414234A8AAAAAA
68183337,0x7E8,8,04414236AAAAAAAA
68224966,0x130,5,C541FFFFFF
68235927,0x7DF,8,0201010000000000
68247971,0x7E8,8,0641018307E100AA
68249289,0x7EC,8,06410100040000AA
68299923,0x7DF,8,0201040000000000
68311982,0x7E8,8,0341044EAAAAAAAA
68324022,0x130,5,C541FFFFFF
68365923,0x7DF,8,0201110000000000
68377974,0x7E8,8,0341111FAAAAAAAA
68419966,0x130,5,C541FFFFFF
68430927,0x7DF,8,02010F0000000000
68442971,0x7E8,8,03410F63AAAAAAAA
68494923,0x7DF,8,0201060000000000
68507974,0x7E8,8,03410680AAAAAAAA
68520010,0x130,5,C541FFFFFF
68561923,0x7DF,8,0201070000000000
68573974,0x7E8,8,0341077FAAAAAAAA
68625927,0x7DF,8,02010C0000000000
68628058,0x130,5,C541FFFFFF
68640010,0x7E8,8,04410C0D16AAAAAA
68641313,0x7EC,8,04410C0D1EAAAAAA
68691923,0x7DF,8,02010D0000000000
68703974,0x7EC,8,03410D00AAAAAAAA
68705267,0x7E8,8,03410D00AAAAAAAA
68726966,0x130,5,C541FFFFFF
68757923,0x7DF,8,0201050000000000
68769974,0x7E8,8,0341058DAAAAAAAA
68821928,0x7DF,8,0201040000000000
68824107,0x130,5,C541FFFFFF
68835998,0x7E8,8,0341044EAAAAAAAA
68887928,0x7DF,8,0201110000000000
68900974,0x7E8,8,03411120AAAAAAAA
68922966,0x130,5,C541FFFFFF
68953923,0x7DF,8,0201330000000000
68965974,0x7E8,8,03413364AAAAAAAA
69017923,0x7DF,8,02010C0000000000
69029974,0x7E8,8,04410C0D54AAAAAA
69031240,0x7EC,8,04410C0D68AAAAAA
69032729,0x130,5,C541FFFFFF
69083923,0x7DF,8,02010D0000000000
69096974,0x7EC,8,03410D00AAAAAAAA
69098378,0x7E8,8,03410D00AAAAAAAA
69119966,0x130,5,C541FFFFFF
69150923,0x7DF,8,0201050000000000
69162974,0x7E8,8,0341058DAAAAAAAA
69214923,0x7DF,8,02012F0000000000
69227974,0x130,5,C541FFFFFF
69229378,0x7E8,8,03412F0CAAAAAAAA
69280923,0x7DF,8,0201420000000000
69294974,0x7EC,8,0441423471AAAAAA
69296412,0x7E8,8,04414236D9AAAAAA
69326966,0x130,5,C541FFFFFF
69347923,0x7DF,8,0201010000000000
69359984,0x7E8,8,0641018307E100AA
69362633,0x7EC,8,06410100040000AA
69414928,0x7DF,8,0201040000000000
69426974,0x130,5,C541FFFFFF
69428375,0x7E8,8,0341044EAAAAAAAA
69479923,0x7DF,8,0201110000000000
69502967,0x7E8,8,03411120AAAAAAAA
69524966,0x130,5,C541FFFFFF
69545923,0x7DF,8,02010F0000000000
69557981,0x7E8,8,03410F63AAAAAAAA
69609923,0x7DF,8,0201060000000000
69622974,0x130,5,C541FFFFFF
69624373,0x7E8,8,03410680AAAAAAAA
69675927,0x7DF,8,0201010000000000
69688974,0x7E8,8,0641018307E100AA
69690414,0x7EC,8,06410100040000AA
69721966,0x130,5,C541FFFFFF
69742923,0x7DF,8,02011F0000000000
69754974,0x7E8,8,04411F0A28AAAAAA
69805923,0x7DF,8,02010C0000000000
69819974,0x7E8,8,04410C0D72AAAAAA
69821434,0x7EC,8,04410C0D6CAAAAAA
69822900,0x130,5,C541FFFFFF
69874926,0x7DF,8,02010D0000000000
69887974,0x7E8,8,03410D00AAAAAAAA
69889329,0x7EC,8,03410D00AAAAAAAA
69920966,0x130,5,C541FFFFFF
69941923,0x7DF,8,0201050000000000
69953974,0x7E8,8,0341058DAAAAAAAA
70004923,0x7DF,8,0201040000000000
70018974,0x7E8,8,0341044EAAAAAAAA
70020402,0x130,5,C541FFFFFF
70071923,0x7DF,8,0201110000000000
70084974,0x7E8,8,03411120AAAAAAAA
70136923,0x7DF,8,0201070000000000
70139418,0x130,5,C541FFFFFF
70151010,0x7E8,8,0341077FAAAAAAAA
70202926,0x7DF,8,02010C0000000000
70215974,0x7EC,8,04410C0D44AAAAAA
70217359,0x7E8,8,04410C0D3AAAAAAA
70229022,0x130,5,C541FFFFFF
70270923,0x7DF,8,02010D0000000000
70282974,0x7EC,8,03410D00AAAAAAAA
70284877,0x7E8,8,03410D00AAAAAAAA
70336931,0x7DF,8,0201050000000000
70339428,0x130,5,C541FFFFFF
70351010,0x7E8,8,0341058DAAAAAAAA
70402926,0x7DF,8,02012F0000000000
70415974,0x7E8,8,03412F0CAAAAAAAA
70437966,0x130,5,C541FFFFFF
70469923,0x7DF,8,0201420000000000
70481974,0x7EC,8,0441423471AAAAAA
70483267,0x7E8,8,04414236D9AAAAAA
70533923,0x7DF,8,0201010000000000
70535909,0x130,5,C541FFFFFF
70548014,0x7EC,8,06410100040000AA
70549275,0x7E8,8,0641018307E100AA
70600923,0x7DF,8,0201040000000000
70613974,0x7E8,8,0341044FAAAAAAAA
70635966,0x130,5,C541FFFFFF
70666923,0x7DF,8,0201110000000000
70678974,0x7E8,8,0341111FAAAAAAAA
70729923,0x7DF,8,02010F0000000000
70732054,0x130,5,C541FFFFFF
70743998,0x7E8,8,03410F63AAAAAAAA
70795926,0x7DF,8,0201060000000000
70808975,0x7E8,8,03410680AAAAAAAA
70830966,0x130,5,C541FFFFFF
70861923,0x7DF,8,0201330000000000
70873974,0x7E8,8,03413364AAAAAAAA
70925923,0x7DF,8,02010C0000000000
70929292,0x130,5,C541FFFFFF
70941006,0x7E8,8,04410C0D00AAAAAA
70942257,0x7EC,8,04410C0D10AAAAAA
70993923,0x7DF,8,02010D0000000000
71007078,0x7EC,8,03410D00AAAAAAAA
71009083,0x7E8,8,03410D00AAAAAAAA
71030966,0x130,5,C541FFFFFF
71061923,0x7DF,8,0201050000000000
71073974,0x7E8,8,0341058DAAAAAAAA
71125926,0x7DF,8,0201040000000000
71128843,0x130,5,C541FFFFFF
71141006,0x7E8,8,0341044DAAAAAAAA
71192923,0x7DF,8,0201110000000000
71204974,0x7E8,8,03411120AAAAAAAA
71236966,0x130,5,C541FFFFFF
71268923,0x7DF,8,02010C0000000000
71280974,0x7E8,8,04410C0D3AAAAAAA
71282229,0x7EC,8,04410C0D28AAAAAA
71333923,0x7DF,8,02010D0000000000
71337143,0x130,5,C541FFFFFF
71349010,0x7EC,8,03410D00AAAAAAAA
71350313,0x7E8,8,03410D00AAAAAAAA
71401923,0x7DF,8,0201050000000000
71414974,0x7E8,8,0341058DAAAAAAAA
71436966,0x130,5,C541FFFFFF
71468923,0x7DF,8,02012F0000000000
71480974,0x7E8,8,03412F0CAAAAAAAA
71532926,0x7DF,8,0201420000000000
71535737,0x130,5,C541FFFFFF
71547998,0x7EC,8,04414234A8AAAAAA
71549281,0x7E8,8,04414236AAAAAAAA
71600923,0x7DF,8,0201010000000000
71613974,0x7EC,8,06410100040000AA
71615995,0x7E8,8,0641018307E100AA
71628029,0x130,5,C541FFFFFF
71669923,0x7DF,8,0201040000000000
71681974,0x7E8,8,0341044EAAAAAAAA
71733926,0x7DF,8,0201110000000000
71736730,0x130,5,C541FFFFFF
71748998,0x7E8,8,03411120AAAAAAAA
71800923,0x7DF,8,02010F0000000000
71822967,0x7E8,8,03410F63AAAAAAAA
71835022,0x130,5,C541FFFFFF
71866923,0x7DF,8,0201060000000000
71878974,0x7E8,8,03410680AAAAAAAA
71930926,0x7DF,8,0201070000000000
71933653,0x130,5,C541FFFFFF
71945998,0x7E8,8,0341077FAAAAAAAA
71997926,0x7DF,8,02011F0000000000
72009974,0x7E8,8,04411F0A2AAAAAAA
72031966,0x130,5,C541FFFFFF
72063923,0x7DF,8,02010C0000000000
72075974,0x7EC,8,04410C0D06AAAAAA
72077245,0x7E8,8,04410C0D0EAAAAAA
72128923,0x7DF,8,02010D0000000000
72132118,0x130,5,C541FFFFFF
72144010,0x7E8,8,03410D00AAAAAAAA
72145301,0x7EC,8,03410D00AAAAAAAA
72196923,0x7DF,8,0201050000000000
72208974,0x7E8,8,0341058DAAAAAAAA
72230966,0x130,5,C541FFFFFF
72262923,0x7DF,8,0201040000000000
72274974,0x7E8,8,0341044EAAAAAAAA
72326926,0x7DF,8,0201110000000000
72328781,0x130,5,C541FFFFFF
72343015,0x7E8,8,03411120AAAAAAAA
72394927,0x7DF,8,0201330000000000
72406974,0x7E8,8,03413364AAAAAAAA
72428966,0x130,5,C541FFFFFF
72460923,0x7DF,8,02010C0000000000
72472974,0x7EC,8,04410C0D68AAAAAA
72474301,0x7E8,8,04410C0D4CAAAAAA
72525923,0x7DF,8,02010D0000000000
72528293,0x130,5,C541FFFFFF
72540018,0x7E8,8,03410D00AAAAAAAA
72541926,0x7EC,8,03410D00AAAAAAAA
72593923,0x7DF,8,0201050000000000
72606974,0x7E8,8,0341058DAAAAAAAA
72628966,0x130,5,C541FFFFFF
72660923,0x7DF,8,02012F0000000000
72682967,0x7E8,8,03412F0CAAAAAAAA
72724923,0x7DF,8,0201420000000000
72736974,0x130,5,C541FFFFFF
72738209,0x7E8,8,044142367BAAAAAA
72741936,0x7EC,8,0441423456AAAAAA
72793923,0x7DF,8,0201010000000000
72806974,0x7E8,8,0641018307E100AA
72808330,0x7EC,8,06410100040000AA
